what,kind,bundleId,bundleVersion,description,time
started,bundle,org.eclipse.ltk.core.refactoring,3.5.100.v20100526-0800,"org.eclipse.ltk.core.refactoring",1301316782162
started,bundle,org.eclipse.mylyn.bugzilla.core,3.4.0.v20100608-0100-e3x,"org.eclipse.mylyn.bugzilla.core",1301316782164
started,bundle,org.eclipse.mylyn.bugzilla.ui,3.4.0.v20100608-0100-e3x,"org.eclipse.mylyn.bugzilla.ui",1301316782164
started,bundle,org.eclipse.mylyn.commons.net,3.4.0.v20100608-0100-e3x,"org.eclipse.mylyn.commons.net",1301316782164
started,bundle,org.eclipse.mylyn.commons.ui,3.4.0.v20100608-0100-e3x,"org.eclipse.mylyn.commons.ui",1301316782164
started,bundle,org.eclipse.mylyn.context.core,3.4.0.v20100608-0100-e3x,"org.eclipse.mylyn.context.core",1301316782165
started,bundle,org.eclipse.mylyn.context.ui,3.4.0.v20100608-0100-e3x,"org.eclipse.mylyn.context.ui",1301316782168
started,bundle,org.eclipse.mylyn.monitor.ui,3.4.0.v20100608-0100-e3x,"org.eclipse.mylyn.monitor.ui",1301316782169
started,bundle,org.eclipse.mylyn.tasks.ui,3.4.0.v20100608-0100-e3x,"org.eclipse.mylyn.tasks.ui",1301316782169
started,bundle,org.eclipse.mylyn.team.ui,3.4.0.v20100608-0100-e3x,"org.eclipse.mylyn.team.ui",1301316782169
started,bundle,org.eclipse.php.core,2.2.0.v20100616-1900,"org.eclipse.php.core",1301316782169
started,bundle,org.eclipse.php.debug.daemon,2.2.0.v20100616-1900,"org.eclipse.php.debug.daemon",1301316782169
started,bundle,org.eclipse.php.ui,2.2.0.v20100616-1900,"org.eclipse.php.ui",1301316782169
started,bundle,org.eclipse.rse.core,3.1.100.v201003151933,"org.eclipse.rse.core",1301316782169
started,bundle,org.eclipse.rse.services,3.2.0.v201006041352,"org.eclipse.rse.services",1301316782170
started,bundle,org.eclipse.rse.ui,3.1.100.v201005282245,"org.eclipse.rse.ui",1301316782170
started,bundle,org.eclipse.team.core,3.5.100.I20100527-0800,"org.eclipse.team.core",1301316782170
started,bundle,org.eclipse.team.cvs.core,3.3.300.I20100526-0800,"org.eclipse.team.cvs.core",1301316782170
started,bundle,org.eclipse.team.cvs.ui,3.3.300.I20100526-0800,"org.eclipse.team.cvs.ui",1301316782170
started,bundle,org.eclipse.team.ui,3.5.100.I20100527-0800,"org.eclipse.team.ui",1301316782170
started,bundle,org.eclipse.ui,3.6.0.I20100603-1100,"org.eclipse.ui",1301316782170
started,bundle,org.eclipse.ui.console,3.5.0.v20100526,"org.eclipse.ui.console",1301316782170
started,bundle,org.eclipse.ui.editors,3.6.0.v20100520-0800,"org.eclipse.ui.editors",1301316782170
started,bundle,org.eclipse.ui.forms,3.5.0.v20100427,"org.eclipse.ui.forms",1301316782171
started,bundle,org.eclipse.ui.ide,3.6.0.I20100601-0800,"org.eclipse.ui.ide",1301316782171
started,bundle,org.eclipse.ui.net,1.2.100.I20100505-1245,"org.eclipse.ui.net",1301316782171
started,bundle,org.eclipse.ui.views,3.5.0.I20100527-0800,"org.eclipse.ui.views",1301316782171
started,bundle,org.eclipse.ui.workbench,3.6.0.I20100603-1100,"org.eclipse.ui.workbench",1301316782171
started,bundle,org.eclipse.ui.workbench.texteditor,3.6.0.v20100520-0800,"org.eclipse.ui.workbench.texteditor",1301316782171
started,bundle,org.eclipse.update.configurator,3.3.100.v20100512,"org.eclipse.update.configurator",1301316782172
started,bundle,org.eclipse.update.core,3.2.400.v20100512,"org.eclipse.update.core",1301316782172
started,bundle,org.eclipse.update.scheduler,3.2.300.v20100512,"org.eclipse.update.scheduler",1301316782172
started,bundle,org.eclipse.wst.sse.core,1.1.500.v201006020308,"org.eclipse.wst.sse.core",1301316782172
started,bundle,org.eclipse.wst.sse.ui,1.2.0.v201006030742,"org.eclipse.wst.sse.ui",1301316782172
os,sysinfo,,,"win32",1301316782176
arch,sysinfo,,,"x86_64",1301316782176
ws,sysinfo,,,"win32",1301316782176
locale,sysinfo,,,"en_GB",1301316782176
processors,sysinfo,,,"4",1301316782176
java.runtime.name,sysinfo,,,"Java(TM) SE Runtime Environment",1301316782176
java.runtime.version,sysinfo,,,"1.6.0_24-b07",1301316782176
java.specification.name,sysinfo,,,"Java Platform API Specification",1301316782176
java.specification.vendor,sysinfo,,,"Sun Microsystems Inc.",1301316782176
java.specification.version,sysinfo,,,"1.6",1301316782176
java.vendor,sysinfo,,,"Sun Microsystems Inc.",1301316782176
java.version,sysinfo,,,"1.6.0_24",1301316782176
java.vm.info,sysinfo,,,"mixed mode",1301316782176
java.vm.name,sysinfo,,,"Java HotSpot(TM) 64-Bit Server VM",1301316782176
java.vm.specification.name,sysinfo,,,"Java Virtual Machine Specification",1301316782176
java.vm.specification.vendor,sysinfo,,,"Sun Microsystems Inc.",1301316782176
java.vm.specification.version,sysinfo,,,"1.0",1301316782176
java.vm.vendor,sysinfo,,,"Sun Microsystems Inc.",1301316782176
java.vm.version,sysinfo,,,"19.1-b02",1301316782176
started,bundle,org.eclipse.debug.ui,3.6.0.v20100601-1530,"org.eclipse.debug.ui",1301316782182
started,bundle,org.eclipse.php.server.core,2.2.0.v20100616-1900,"org.eclipse.php.server.core",1301316782184
started,bundle,org.eclipse.dltk.core.index.sql.h2,2.0.0.v20100616-2015,"org.eclipse.dltk.core.index.sql.h2",1301316782529
started,bundle,org.eclipse.php.debug.core,2.2.0.v20100616-1900,"org.eclipse.php.debug.core",1301316782896
started,bundle,org.eclipse.php.debug.ui,2.2.0.v20100616-1900,"org.eclipse.php.debug.ui",1301316783030
started,bundle,org.eclipse.jdt.core,3.6.0.v_A58,"org.eclipse.jdt.core",1301316783113
started,bundle,org.eclipse.jdt.core.manipulation,1.3.0.v20100520-0800,"org.eclipse.jdt.core.manipulation",1301316783308
started,bundle,org.eclipse.jdt.ui,3.6.0.v20100602-1600,"org.eclipse.jdt.ui",1301316783316
started,bundle,org.eclipse.wst.css.core,1.1.400.v201005261534,"org.eclipse.wst.css.core",1301316786280
started,bundle,org.eclipse.wst.xml.core,1.1.500.v201005271618,"org.eclipse.wst.xml.core",1301316786335
started,bundle,org.eclipse.wst.html.core,1.1.400.v201005261534,"org.eclipse.wst.html.core",1301316786341
activated,view,org.eclipse.ui.ide,3.6.0.I20100601-0800,"org.eclipse.ui.views.ResourceNavigator",1301316786406
started,bundle,org.eclipse.wst.jsdt.core,1.1.0.v201006030738,"org.eclipse.wst.jsdt.core",1301316787443
started,bundle,org.eclipse.wst.jsdt.manipulation,1.0.200.v201004150600,"org.eclipse.wst.jsdt.manipulation",1301316787550
started,bundle,org.eclipse.wst.jsdt.ui,1.1.0.v201005200157,"org.eclipse.wst.jsdt.ui",1301316787551
opened,view,org.eclipse.php.ui,2.2.0.v20100616-1900,"org.eclipse.php.ui.explorer",1301316787570
activated,view,org.eclipse.php.ui,2.2.0.v20100616-1900,"org.eclipse.php.ui.explorer",1301316787675
started,bundle,org.eclipse.wst.common.project.facet.core,1.4.100.v201005190114,"org.eclipse.wst.common.project.facet.core",1301316796757
started,bundle,org.eclipse.dltk.validators.ui,2.0.0.v20091214-1712,"org.eclipse.dltk.validators.ui",1301316796915
started,bundle,org.eclipse.dltk.validators.core,1.0.0.v20100524-0038,"org.eclipse.dltk.validators.core",1301316796919
started,bundle,org.eclipse.dltk.validators.externalchecker,1.0.0.v20090803-1754,"org.eclipse.dltk.validators.externalchecker",1301316796932
started,bundle,org.eclipse.search,3.6.0.v20100520-0800,"org.eclipse.search",1301316797078
started,bundle,org.eclipse.compare,3.5.100.I20100526-0800,"org.eclipse.compare",1301316797219
deactivated,workbench,org.eclipse.ui.workbench,3.6.0.I20100603-1100,"",1301316802769
started,bundle,org.eclipse.ui.externaltools,3.2.0.v20100427,"org.eclipse.ui.externaltools",1301316813804
started,bundle,org.eclipse.core.externaltools,1.0.0.v20100505,"org.eclipse.core.externaltools",1301316813926
activated,workbench,org.eclipse.ui.workbench,3.6.0.I20100603-1100,"",1301316888773
executed,command,org.eclipse.ui,3.6.0.I20100603-1100,"org.eclipse.ui.file.properties",1301316888794
activated,view,org.eclipse.php.ui,2.2.0.v20100616-1900,"org.eclipse.php.ui.projectOutline",1301316892891
opened,view,org.eclipse.mylyn.tasks.ui,3.4.0.v20100608-0100-e3x,"org.eclipse.mylyn.tasks.ui.views.tasks",1301316895109
activated,view,org.eclipse.mylyn.tasks.ui,3.4.0.v20100608-0100-e3x,"org.eclipse.mylyn.tasks.ui.views.tasks",1301316895169
activated,view,org.eclipse.php.ui,2.2.0.v20100616-1900,"org.eclipse.php.ui.projectOutline",1301316895979
activated,view,org.eclipse.php.ui,2.2.0.v20100616-1900,"org.eclipse.php.ui.explorer",1301316916407
deactivated,workbench,org.eclipse.ui.workbench,3.6.0.I20100603-1100,"",1301316942091
activated,workbench,org.eclipse.ui.workbench,3.6.0.I20100603-1100,"",1301317333340
deactivated,workbench,org.eclipse.ui.workbench,3.6.0.I20100603-1100,"",1301317333447
activated,workbench,org.eclipse.ui.workbench,3.6.0.I20100603-1100,"",1301317335039
closed,workbench,org.eclipse.ui.workbench,3.6.0.I20100603-1100,"",1301317335242
stopped,bundle,org.eclipse.compare.win32,1.0.100.I20100505-1245,"org.eclipse.compare.win32",1301317335866
stopped,bundle,org.eclipse.dltk.testing,1.0.0.v20090914-1703,"org.eclipse.dltk.testing",1301317335866
stopped,bundle,org.zend.php.debug.debugger,5.3.18.v20100603,"org.zend.php.debug.debugger",1301317335866
stopped,bundle,org.eclipse.php.server.ui,2.2.0.v20100616-1900,"org.eclipse.php.server.ui",1301317335866
stopped,bundle,org.eclipse.php.debug.ui,2.2.0.v20100616-1900,"org.eclipse.php.debug.ui",1301317335867
stopped,bundle,org.eclipse.dltk.debug.ui,2.0.0.v20100115-2213,"org.eclipse.dltk.debug.ui",1301317335868
stopped,bundle,org.eclipse.dltk.formatter,2.0.0.v20100304-1959,"org.eclipse.dltk.formatter",1301317335873
stopped,bundle,org.eclipse.dltk.rse.ui,2.0.0.v20100115-2213,"org.eclipse.dltk.rse.ui",1301317335878
stopped,bundle,org.eclipse.dltk.validators.externalchecker,1.0.0.v20090803-1754,"org.eclipse.dltk.validators.externalchecker",1301317335878
stopped,bundle,org.eclipse.dltk.validators.ui,2.0.0.v20091214-1712,"org.eclipse.dltk.validators.ui",1301317335878
stopped,bundle,org.eclipse.php.debug.core,2.2.0.v20100616-1900,"org.eclipse.php.debug.core",1301317335878
stopped,bundle,org.eclipse.php.ui,2.2.0.v20100616-1900,"org.eclipse.php.ui",1301317335879
stopped,bundle,org.eclipse.dltk.ui,2.0.0.v20100603-0936,"org.eclipse.dltk.ui",1301317335899
stopped,bundle,org.eclipse.equinox.p2.ui.sdk,1.0.100.v20100513,"org.eclipse.equinox.p2.ui.sdk",1301317335900
stopped,bundle,org.eclipse.wst.xsl.jaxp.debug.ui,1.0.100.v201004290328,"org.eclipse.wst.xsl.jaxp.debug.ui",1301317335900
stopped,bundle,org.eclipse.jdt.debug.ui,3.5.0.v20100602-0830,"org.eclipse.jdt.debug.ui",1301317335900
stopped,bundle,org.eclipse.jdt.ui,3.6.0.v20100602-1600,"org.eclipse.jdt.ui",1301317335927
stopped,bundle,org.eclipse.rse.importexport,1.2.100.v201003010830,"org.eclipse.rse.importexport",1301317335927
stopped,bundle,org.eclipse.rse.shells.ui,3.0.200.v201006041352,"org.eclipse.rse.shells.ui",1301317335927
stopped,bundle,org.eclipse.rse.files.ui,3.1.100.v201005221100,"org.eclipse.rse.files.ui",1301317335927
stopped,bundle,org.eclipse.rse.processes.ui,3.0.200.v201003010830,"org.eclipse.rse.processes.ui",1301317335927
stopped,bundle,org.eclipse.wst.dtd.ui,1.0.500.v201004290328,"org.eclipse.wst.dtd.ui",1301317335927
stopped,bundle,org.eclipse.wst.jsdt.web.ui,1.0.300.v201006030742,"org.eclipse.wst.jsdt.web.ui",1301317335927
stopped,bundle,org.eclipse.wst.web.ui,1.1.400.v201004141630,"org.eclipse.wst.web.ui",1301317335927
stopped,bundle,org.eclipse.wst.html.ui,1.0.500.v201006030742,"org.eclipse.wst.html.ui",1301317335927
stopped,bundle,org.eclipse.wst.css.ui,1.0.500.v201004290328,"org.eclipse.wst.css.ui",1301317335928
stopped,bundle,org.eclipse.wst.xsl.exslt.ui,1.0.0.v201006012005,"org.eclipse.wst.xsl.exslt.ui",1301317335928
stopped,bundle,org.eclipse.wst.xsl.ui,1.1.0.v201004290328,"org.eclipse.wst.xsl.ui",1301317335928
stopped,bundle,org.eclipse.wst.xml.xpath.ui,1.1.0.v201004290328,"org.eclipse.wst.xml.xpath.ui",1301317335928
stopped,bundle,org.eclipse.wst.xsd.ui,1.2.303.v201004290328,"org.eclipse.wst.xsd.ui",1301317335928
stopped,bundle,org.eclipse.wst.xsl.debug.ui,1.0.100.v201004290328,"org.eclipse.wst.xsl.debug.ui",1301317335928
stopped,bundle,org.eclipse.wst.xml.ui,1.1.100.v201006030742,"org.eclipse.wst.xml.ui",1301317335928
stopped,bundle,org.eclipse.wst.common.ui,1.1.500.v200911190730,"org.eclipse.wst.common.ui",1301317335928
stopped,bundle,org.eclipse.wst.jsdt.debug.ui,1.0.0.v201005250108,"org.eclipse.wst.jsdt.debug.ui",1301317335928
stopped,bundle,org.eclipse.wst.jsdt.support.firefox,1.0.300.v201004150600,"org.eclipse.wst.jsdt.support.firefox",1301317335928
stopped,bundle,org.eclipse.wst.jsdt.ui,1.1.0.v201005200157,"org.eclipse.wst.jsdt.ui",1301317335937
stopped,bundle,org.eclipse.wst.sse.ui,1.2.0.v201006030742,"org.eclipse.wst.sse.ui",1301317335938
stopped,bundle,org.eclipse.search,3.6.0.v20100520-0800,"org.eclipse.search",1301317335954
stopped,bundle,org.eclipse.mylyn.team.ui,3.4.0.v20100608-0100-e3x,"org.eclipse.mylyn.team.ui",1301317335954
stopped,bundle,org.eclipse.ui.navigator.resources,3.4.200.I20100601-0800,"org.eclipse.ui.navigator.resources",1301317335955
stopped,bundle,org.eclipse.ltk.ui.refactoring,3.5.0.v20100526-0800,"org.eclipse.ltk.ui.refactoring",1301317335955
stopped,bundle,org.eclipse.mylyn.bugzilla.ui,3.4.0.v20100608-0100-e3x,"org.eclipse.mylyn.bugzilla.ui",1301317335955
stopped,bundle,org.eclipse.mylyn.ide.ui,3.4.0.v20100608-0100-e3x,"org.eclipse.mylyn.ide.ui",1301317335955
stopped,bundle,org.eclipse.mylyn.resources.ui,3.4.0.v20100608-0100-e3x,"org.eclipse.mylyn.resources.ui",1301317335955
stopped,bundle,org.eclipse.mylyn.wikitext.tasks.ui,1.3.0.v20100608-0100-e3x,"org.eclipse.mylyn.wikitext.tasks.ui",1301317335955
stopped,bundle,org.eclipse.mylyn.context.ui,3.4.0.v20100608-0100-e3x,"org.eclipse.mylyn.context.ui",1301317335956
stopped,bundle,org.eclipse.mylyn.help.ui,3.4.0.v20100608-0100-e3x,"org.eclipse.mylyn.help.ui",1301317335956
stopped,bundle,org.eclipse.mylyn.tasks.bugs,3.4.0.v20100608-0100-e3x,"org.eclipse.mylyn.tasks.bugs",1301317335956
stopped,bundle,org.eclipse.mylyn.tasks.ui,3.4.0.v20100608-0100-e3x,"org.eclipse.mylyn.tasks.ui",1301317335956
stopped,bundle,org.eclipse.team.cvs.ui,3.3.300.I20100526-0800,"org.eclipse.team.cvs.ui",1301317335970
stopped,bundle,org.eclipse.team.ui,3.5.100.I20100527-0800,"org.eclipse.team.ui",1301317335970
stopped,bundle,org.eclipse.compare,3.5.100.I20100526-0800,"org.eclipse.compare",1301317335970
stopped,bundle,org.eclipse.dltk.console.ui,2.0.0.v20091203-1154,"org.eclipse.dltk.console.ui",1301317335970
stopped,bundle,org.eclipse.ui.externaltools,3.2.0.v20100427,"org.eclipse.ui.externaltools",1301317335971
stopped,bundle,org.eclipse.wst.server.ui,1.1.203.v20100601,"org.eclipse.wst.server.ui",1301317335971
stopped,bundle,org.eclipse.debug.ui,3.6.0.v20100601-1530,"org.eclipse.debug.ui",1301317335994
stopped,bundle,org.eclipse.mylyn.wikitext.ui,1.3.0.v20100608-0100-e3x,"org.eclipse.mylyn.wikitext.ui",1301317335994
stopped,bundle,org.eclipse.dltk.rse.core,2.0.0.v20100115-2213,"org.eclipse.dltk.rse.core",1301317335994
stopped,bundle,org.eclipse.rse.connectorservice.ssh,2.1.100.v200905272300,"org.eclipse.rse.connectorservice.ssh",1301317335994
stopped,bundle,org.eclipse.rse.efs,2.1.200.v201005262000,"org.eclipse.rse.efs",1301317335994
activated,perspective,org.eclipse.php.ui,,"org.eclipse.php.perspective",1301317517306
started,bundle,org.eclipse.osgi,3.6.0.v20100517,"org.eclipse.osgi",1301317517307
started,bundle,org.eclipse.equinox.simpleconfigurator,1.0.200.v20100503,"org.eclipse.equinox.simpleconfigurator",1301317517308
started,bundle,com.ibm.icu,4.2.1.v20100412,"com.ibm.icu",1301317517308
started,bundle,org.eclipse.core.contenttype,3.4.100.v20100505-1235,"org.eclipse.core.contenttype",1301317517310
started,bundle,org.eclipse.core.databinding.observable,1.3.0.I20100601-0800,"org.eclipse.core.databinding.observable",1301317517311
started,bundle,org.eclipse.core.expressions,3.4.200.v20100505,"org.eclipse.core.expressions",1301317517312
started,bundle,org.eclipse.core.filebuffers,3.5.100.v20100520-0800,"org.eclipse.core.filebuffers",1301317517314
started,bundle,org.eclipse.core.filesystem,1.3.0.v20100526-0737,"org.eclipse.core.filesystem",1301317517316
started,bundle,org.eclipse.core.jobs,3.5.0.v20100515,"org.eclipse.core.jobs",1301317517317
started,bundle,org.eclipse.core.net,1.2.100.I20100511-0800,"org.eclipse.core.net",1301317517320
started,bundle,org.eclipse.core.resources,3.6.0.v20100526-0737,"org.eclipse.core.resources",1301317517343
started,bundle,org.eclipse.core.runtime,3.6.0.v20100505,"org.eclipse.core.runtime",1301317517344
started,bundle,org.eclipse.core.runtime.compatibility,3.2.100.v20100505,"org.eclipse.core.runtime.compatibility",1301317517345
started,bundle,org.eclipse.core.runtime.compatibility.auth,3.2.200.v20100517,"org.eclipse.core.runtime.compatibility.auth",1301317517346
started,bundle,org.eclipse.debug.core,3.6.0.v20100519,"org.eclipse.debug.core",1301317517363
started,bundle,org.eclipse.debug.ui,3.6.0.v20100601-1530,"org.eclipse.debug.ui",1301317517368
started,bundle,org.eclipse.dltk.core,2.0.0.v20100603-0936,"org.eclipse.dltk.core",1301317517373
started,bundle,org.eclipse.dltk.core.index.sql,2.0.0.v20100616-2015,"org.eclipse.dltk.core.index.sql",1301317517374
started,bundle,org.eclipse.dltk.core.index.sql.h2,2.0.0.v20100616-2015,"org.eclipse.dltk.core.index.sql.h2",1301317517374
started,bundle,org.eclipse.dltk.launching,2.0.0.v20100524-0038,"org.eclipse.dltk.launching",1301317517377
started,bundle,org.eclipse.dltk.rse.core,2.0.0.v20100115-2213,"org.eclipse.dltk.rse.core",1301317517378
started,bundle,org.eclipse.dltk.rse.ui,2.0.0.v20100115-2213,"org.eclipse.dltk.rse.ui",1301317517380
started,bundle,org.eclipse.dltk.ui,2.0.0.v20100603-0936,"org.eclipse.dltk.ui",1301317517385
started,bundle,org.eclipse.epp.usagedata.gathering,1.3.0.R201005261100,"org.eclipse.epp.usagedata.gathering",1301317517387
started,bundle,org.eclipse.epp.usagedata.recording,1.3.0.R201005261100,"org.eclipse.epp.usagedata.recording",1301317517390
started,bundle,org.eclipse.equinox.app,1.3.0.v20100512,"org.eclipse.equinox.app",1301317517391
started,bundle,org.eclipse.equinox.common,3.6.0.v20100503,"org.eclipse.equinox.common",1301317517392
started,bundle,org.eclipse.equinox.ds,1.2.0.v20100507,"org.eclipse.equinox.ds",1301317517392
started,bundle,org.eclipse.equinox.event,1.2.0.v20100503,"org.eclipse.equinox.event",1301317517393
started,bundle,org.eclipse.equinox.p2.core,2.0.0.v20100510,"org.eclipse.equinox.p2.core",1301317517394
started,bundle,org.eclipse.equinox.p2.directorywatcher,1.0.200.v20100601,"org.eclipse.equinox.p2.directorywatcher",1301317517394
started,bundle,org.eclipse.equinox.p2.engine,2.0.0.v20100606,"org.eclipse.equinox.p2.engine",1301317517398
started,bundle,org.eclipse.equinox.p2.metadata,2.0.0.v20100601,"org.eclipse.equinox.p2.metadata",1301317517398
started,bundle,org.eclipse.equinox.p2.metadata.repository,1.1.0.v20100513,"org.eclipse.equinox.p2.metadata.repository",1301317517401
started,bundle,org.eclipse.equinox.p2.operations,2.0.0.v20100510,"org.eclipse.equinox.p2.operations",1301317517401
started,bundle,org.eclipse.equinox.p2.reconciler.dropins,1.1.0.v20100525,"org.eclipse.equinox.p2.reconciler.dropins",1301317517404
started,bundle,org.eclipse.equinox.p2.repository,2.0.0.v20100519,"org.eclipse.equinox.p2.repository",1301317517404
started,bundle,org.eclipse.equinox.p2.ui.sdk.scheduler,1.0.0.v20100507-1815,"org.eclipse.equinox.p2.ui.sdk.scheduler",1301317517406
started,bundle,org.eclipse.equinox.p2.updatechecker,1.1.100.v20100503a,"org.eclipse.equinox.p2.updatechecker",1301317517406
started,bundle,org.eclipse.equinox.preferences,3.3.0.v20100503,"org.eclipse.equinox.preferences",1301317517408
started,bundle,org.eclipse.equinox.registry,3.5.0.v20100503,"org.eclipse.equinox.registry",1301317517409
started,bundle,org.eclipse.equinox.security,1.0.200.v20100503,"org.eclipse.equinox.security",1301317517411
started,bundle,org.eclipse.equinox.util,1.0.200.v20100503,"org.eclipse.equinox.util",1301317517412
started,bundle,org.eclipse.help,3.5.0.v20100524,"org.eclipse.help",1301317517427
started,bundle,org.eclipse.jface,3.6.0.I20100601-0800,"org.eclipse.jface",1301317517427
started,bundle,org.eclipse.jsch.core,1.1.200.I20100505-1245,"org.eclipse.jsch.core",1301317517429
started,bundle,org.eclipse.ltk.core.refactoring,3.5.100.v20100526-0800,"org.eclipse.ltk.core.refactoring",1301317517446
started,bundle,org.eclipse.mylyn.bugzilla.core,3.4.0.v20100608-0100-e3x,"org.eclipse.mylyn.bugzilla.core",1301317517448
started,bundle,org.eclipse.mylyn.bugzilla.ui,3.4.0.v20100608-0100-e3x,"org.eclipse.mylyn.bugzilla.ui",1301317517451
started,bundle,org.eclipse.mylyn.commons.net,3.4.0.v20100608-0100-e3x,"org.eclipse.mylyn.commons.net",1301317517451
started,bundle,org.eclipse.mylyn.commons.ui,3.4.0.v20100608-0100-e3x,"org.eclipse.mylyn.commons.ui",1301317517451
started,bundle,org.eclipse.mylyn.context.core,3.4.0.v20100608-0100-e3x,"org.eclipse.mylyn.context.core",1301317517453
started,bundle,org.eclipse.mylyn.context.ui,3.4.0.v20100608-0100-e3x,"org.eclipse.mylyn.context.ui",1301317517457
started,bundle,org.eclipse.mylyn.monitor.ui,3.4.0.v20100608-0100-e3x,"org.eclipse.mylyn.monitor.ui",1301317517459
started,bundle,org.eclipse.mylyn.tasks.ui,3.4.0.v20100608-0100-e3x,"org.eclipse.mylyn.tasks.ui",1301317517463
started,bundle,org.eclipse.mylyn.team.ui,3.4.0.v20100608-0100-e3x,"org.eclipse.mylyn.team.ui",1301317517465
started,bundle,org.eclipse.php.core,2.2.0.v20100616-1900,"org.eclipse.php.core",1301317517468
started,bundle,org.eclipse.php.debug.core,2.2.0.v20100616-1900,"org.eclipse.php.debug.core",1301317517473
started,bundle,org.eclipse.php.debug.daemon,2.2.0.v20100616-1900,"org.eclipse.php.debug.daemon",1301317517474
started,bundle,org.eclipse.php.debug.ui,2.2.0.v20100616-1900,"org.eclipse.php.debug.ui",1301317517478
started,bundle,org.eclipse.php.server.core,2.2.0.v20100616-1900,"org.eclipse.php.server.core",1301317517480
started,bundle,org.eclipse.php.ui,2.2.0.v20100616-1900,"org.eclipse.php.ui",1301317517487
started,bundle,org.eclipse.rse.core,3.1.100.v201003151933,"org.eclipse.rse.core",1301317517490
started,bundle,org.eclipse.rse.services,3.2.0.v201006041352,"org.eclipse.rse.services",1301317517493
started,bundle,org.eclipse.rse.ui,3.1.100.v201005282245,"org.eclipse.rse.ui",1301317517499
started,bundle,org.eclipse.team.core,3.5.100.I20100527-0800,"org.eclipse.team.core",1301317517531
started,bundle,org.eclipse.team.cvs.core,3.3.300.I20100526-0800,"org.eclipse.team.cvs.core",1301317517545
started,bundle,org.eclipse.team.cvs.ui,3.3.300.I20100526-0800,"org.eclipse.team.cvs.ui",1301317517552
started,bundle,org.eclipse.team.ui,3.5.100.I20100527-0800,"org.eclipse.team.ui",1301317517584
started,bundle,org.eclipse.ui,3.6.0.I20100603-1100,"org.eclipse.ui",1301317517604
started,bundle,org.eclipse.ui.console,3.5.0.v20100526,"org.eclipse.ui.console",1301317517609
started,bundle,org.eclipse.ui.editors,3.6.0.v20100520-0800,"org.eclipse.ui.editors",1301317517647
started,bundle,org.eclipse.ui.forms,3.5.0.v20100427,"org.eclipse.ui.forms",1301317517648
started,bundle,org.eclipse.ui.ide,3.6.0.I20100601-0800,"org.eclipse.ui.ide",1301317517655
started,bundle,org.eclipse.ui.net,1.2.100.I20100505-1245,"org.eclipse.ui.net",1301317517658
started,bundle,org.eclipse.ui.views,3.5.0.I20100527-0800,"org.eclipse.ui.views",1301317517661
started,bundle,org.eclipse.ui.workbench,3.6.0.I20100603-1100,"org.eclipse.ui.workbench",1301317517664
started,bundle,org.eclipse.ui.workbench.texteditor,3.6.0.v20100520-0800,"org.eclipse.ui.workbench.texteditor",1301317517677
started,bundle,org.eclipse.update.configurator,3.3.100.v20100512,"org.eclipse.update.configurator",1301317517678
started,bundle,org.eclipse.update.core,3.2.400.v20100512,"org.eclipse.update.core",1301317517688
started,bundle,org.eclipse.update.scheduler,3.2.300.v20100512,"org.eclipse.update.scheduler",1301317517691
started,bundle,org.eclipse.wst.jsdt.core,1.1.0.v201006030738,"org.eclipse.wst.jsdt.core",1301317517697
started,bundle,org.eclipse.wst.jsdt.manipulation,1.0.200.v201004150600,"org.eclipse.wst.jsdt.manipulation",1301317517699
started,bundle,org.eclipse.wst.jsdt.ui,1.1.0.v201005200157,"org.eclipse.wst.jsdt.ui",1301317517711
started,bundle,org.eclipse.wst.sse.core,1.1.500.v201006020308,"org.eclipse.wst.sse.core",1301317517728
started,bundle,org.eclipse.wst.sse.ui,1.2.0.v201006030742,"org.eclipse.wst.sse.ui",1301317517734
os,sysinfo,,,"win32",1301317517740
arch,sysinfo,,,"x86_64",1301317517740
ws,sysinfo,,,"win32",1301317517740
locale,sysinfo,,,"en_GB",1301317517740
processors,sysinfo,,,"4",1301317517740
java.runtime.name,sysinfo,,,"Java(TM) SE Runtime Environment",1301317517740
java.runtime.version,sysinfo,,,"1.6.0_24-b07",1301317517740
java.specification.name,sysinfo,,,"Java Platform API Specification",1301317517740
java.specification.vendor,sysinfo,,,"Sun Microsystems Inc.",1301317517740
java.specification.version,sysinfo,,,"1.6",1301317517740
java.vendor,sysinfo,,,"Sun Microsystems Inc.",1301317517740
java.version,sysinfo,,,"1.6.0_24",1301317517740
java.vm.info,sysinfo,,,"mixed mode",1301317517740
java.vm.name,sysinfo,,,"Java HotSpot(TM) 64-Bit Server VM",1301317517740
java.vm.specification.name,sysinfo,,,"Java Virtual Machine Specification",1301317517740
java.vm.specification.vendor,sysinfo,,,"Sun Microsystems Inc.",1301317517740
java.vm.specification.version,sysinfo,,,"1.0",1301317517740
java.vm.vendor,sysinfo,,,"Sun Microsystems Inc.",1301317517740
java.vm.version,sysinfo,,,"19.1-b02",1301317517740
started,bundle,org.eclipse.wst.css.core,1.1.400.v201005261534,"org.eclipse.wst.css.core",1301317518901
started,bundle,org.eclipse.wst.xml.core,1.1.500.v201005271618,"org.eclipse.wst.xml.core",1301317518910
started,bundle,org.eclipse.wst.html.core,1.1.400.v201005261534,"org.eclipse.wst.html.core",1301317518913
started,bundle,org.eclipse.wst.common.project.facet.core,1.4.100.v201005190114,"org.eclipse.wst.common.project.facet.core",1301317519170
started,bundle,org.eclipse.dltk.validators.ui,2.0.0.v20091214-1712,"org.eclipse.dltk.validators.ui",1301317519223
started,bundle,org.eclipse.dltk.validators.core,1.0.0.v20100524-0038,"org.eclipse.dltk.validators.core",1301317519225
started,bundle,org.eclipse.dltk.validators.externalchecker,1.0.0.v20090803-1754,"org.eclipse.dltk.validators.externalchecker",1301317519233
started,bundle,org.eclipse.search,3.6.0.v20100520-0800,"org.eclipse.search",1301317519273
started,bundle,org.eclipse.compare,3.5.100.I20100526-0800,"org.eclipse.compare",1301317519324
started,bundle,org.eclipse.ltk.ui.refactoring,3.5.0.v20100526-0800,"org.eclipse.ltk.ui.refactoring",1301317521333
deactivated,workbench,org.eclipse.ui.workbench,3.6.0.I20100603-1100,"",1301317521499
started,bundle,org.eclipse.jdt.core.manipulation,1.3.0.v20100520-0800,"org.eclipse.jdt.core.manipulation",1301317635659
started,bundle,org.eclipse.jdt.core,3.6.0.v_A58,"org.eclipse.jdt.core",1301317635952
started,bundle,org.eclipse.jdt.ui,3.6.0.v20100602-1600,"org.eclipse.jdt.ui",1301317636097
activated,workbench,org.eclipse.ui.workbench,3.6.0.I20100603-1100,"",1301317636641
executed,command,org.eclipse.ltk.ui.refactoring,3.5.0.v20100526-0800,"org.eclipse.ltk.ui.refactoring.commands.deleteResources",1301317636662
executed,command,org.eclipse.ui,3.6.0.I20100603-1100,"org.eclipse.ui.edit.delete",1301317636662
deactivated,workbench,org.eclipse.ui.workbench,3.6.0.I20100603-1100,"",1301317638151
started,bundle,org.eclipse.wst.xsl.debug.ui,1.0.100.v201004290328,"org.eclipse.wst.xsl.debug.ui",1301317640782
